<?xml version="1.0" encoding="UTF-8"?>
<project-private xmlns="http://www.netbeans.org/ns/project-private/1">
    <editor-bookmarks xmlns="http://www.netbeans.org/ns/editor-bookmarks/2" lastBookmarkId="0"/>
    <open-files xmlns="http://www.netbeans.org/ns/projectui-open-files/2">
        <group>
            <file>file:/C:/APU%20SKOOL%20SHIT/SEM%204/oop/Login&amp;SignUp(updated)/src/login/signup/updated/Supplier.java</file>
            <file>file:/C:/APU%20SKOOL%20SHIT/SEM%204/oop/Login&amp;SignUp(updated)/Transactions.txt</file>
            <file>file:/C:/APU%20SKOOL%20SHIT/SEM%204/oop/Login&amp;SignUp(updated)/src/login/signup/updated/InventoryManagementSystem.java</file>
            <file>file:/C:/APU%20SKOOL%20SHIT/SEM%204/oop/Login&amp;SignUp(updated)/src/login/signup/updated/Inventory.java</file>
            <file>file:/C:/APU%20SKOOL%20SHIT/SEM%204/oop/Login&amp;SignUp(updated)/users.txt</file>
            <file>file:/C:/APU%20SKOOL%20SHIT/SEM%204/oop/Login&amp;SignUp(updated)/src/login/signup/updated/Transaction.java</file>
            <file>file:/C:/APU%20SKOOL%20SHIT/SEM%204/oop/Login&amp;SignUp(updated)/src/login/signup/updated/HomePage.java</file>
            <file>file:/C:/APU%20SKOOL%20SHIT/SEM%204/oop/Login&amp;SignUp(updated)/src/login/signup/updated/Hospital.java</file>
            <file>file:/C:/APU%20SKOOL%20SHIT/SEM%204/oop/Login&amp;SignUp(updated)/src/login/signup/updated/Login.java</file>
            <file>file:/C:/APU%20SKOOL%20SHIT/SEM%204/oop/Login&amp;SignUp(updated)/src/login/signup/updated/UserManagementFrame.java</file>
        </group>
    </open-files>
</project-private>
